PDF_ID,principal,agent
M503303,Iowa Workforce Development,Hawkeye Community College
M507033,City of Lawler,Chickasaw County
M506822,Wall Lake,Lake View
M505256,City of Lawler,Chickasaw COUNTY
M037894,Mills County,City of Pacifica
M506133,City of Maurice,Sioux County
M507329,City of Forest City,Forest City Ambulance Service
L005128,City of Marshalltown,County of Marshall
M505476,City of Maurice,Sioux County
M503301,Iowa Workforce Development,Hawkeye Community College
M508643,Iowa Workforce Development,Des Moines Area Community College
M504961,Iowa Workforce Development,Indian Hills Community College
M504557,"Bravo Greater Des Moines, Inc.","City of Carlisle, Iowa"
M505229,Griswold,Cass County
M507019,City of Gray,Audubon County Sheriff's Department
L005200,City of Eldora,City of Eldora
M508708,Iowa Workforce Development,Hawkeye Community College
M506038,Story County Sheriff's Dept.,City of Collins
M505305,City of Rockford,Floyd County
M504368,Iowa Workforce Development,Hawkeye Community College
M507157,Tama County Sheriff,City of Dysart
M503429,City of Liscomb,Marshall County
M032383,County of Marshall,County of Story
M504506,City of Floyd,Floyd County
M500046,Johnson County,Iowa City
M505210,City of Maurice,Sioux County
M032377,,
M510030,Albion,Marshall County
M509197,City of Maurice,Sioux County
M507973,Story County Sheriff's Dept.,City of Zearing
M507038,City of Ionia,Chickasaw County
M507922,"Van Buren County, Iowa",City of Bonaparte
M505838,Iowa Workforce Development,North Iowa Area Community College
M505924,"City of Grimes, Iowa","Bravo Greater Des Moines, Inc."
M506071,City of MARTELLE hereinafter to as,County of Each Participant To
L005248,City of Des Moines,City of Des Moines
M500709,City of Windsor Heights,"Bravo Greater Des Moines, Inc."
M504507,Adams Township Board of Trustees,Panther Creek Cemetery Association
M505468,Tama County Sheriff,City of Dysart
M502512,City of Mason City,Mason City Chamber of Commerce
M504238,City of Scranton,County of Greene
L005059,COUNTY OF Johnson,
M036246,,
M506717,City of Linden,City of Redfield
L004819,CITY of,City of Des Moines
M503515,City of Boyden,Sioux County
M500326,Neighborhood Development Corporation,Des Moines
M000438,City of Ottumwa wishes to provide for,City of Ottumwa
M506187,City of North Washington,Chickasaw County
M503963,Iowa Workforce Development,Iowa Western Community College
M507124,Oxford Junction,Jones County
M012485,,
M503761,Iowa Workforce Development,Des Moines Area Community College
M020577,City of Des Moines,City of Des Moines
M506611,City of West Burlington,City of Burlington
M012983,,
M020889,City of Denver,City of Denver
M506046,Story County Sheriff's Dept.,City of Zearing
M509180,City of Dakota City,Humboldt County
M033801,City of Ankeny,City of Ankeny
M040112,,
M508886,City of Underwood,Pottawattamie County
M003149,,
M506124,Ferguson,Marshall County
L005898,,
M036575,City of Eldora,County of Each Participant To
M502368,Linn-Mar Community School District,Grant Wood Area Education Agency
M507159,City of Elberon,Tama County Sheriff
M506140,City of Cushing,
M505333,City of Colwell,Floyd County
M507812,Town of Beacon,Mahaska County Iowa
M509899,Story County Sheriff's Dept.,City of Collins
M504047,City of Eddyville,Mahaska County Sheriff
M507030,City of Alta Vista,Chickasaw County
M509377,City of Clutier,Tama County Sheriff
M504393,Iowa Workforce Development,Kirkwood Community College
M509179,"City of Clinton, Iowa",Clinton School District
M504391,Iowa Workforce Development,MATURA Action Corporation
L005499,City of Grimell,City of Grinnell
M506747,Tama County Sheriff,City of Garwin
M502496,City of Boyden,Sioux County
M506367,Iowa Workforce Development,North Iowa Area Community College
M013085,,
M503144,Iowa Workforce Development,Iowa Western Community College
M000079,CITY OF SIOUX CITY STATE OF IOWA Woodbury County,City of Sioux City
M502221,City of Radcliffe,Hardin County Sheriff's Office
M504369,Iowa Workforce Development,Hawkeye Community College
M502459,Story County Sheriff's Dept.,City of Collins
M508088,Iowa Workforce Development,MATURA Action Corporation
M501017,Marne,Cass County
L006432,City of Des Moines,City of Des Moines
M507303,City of Hospers,Sioux County
M510244,Polk County,North Polk Community School District
M504041,Iowa Workforce Development,Southeastern Community College
M510547,City of Gladbrook,
L006753,,
M509637,City of Mount Vernon,
M507317,Ferguson,Marshall County
M505402,North English,Iowa County Sheriff
M502468,City of Nevada,Story County Sheriff's Dept.
